[
  {
    "currentPosition": {
      "x": 450.0,
      "y": 450.0
    },
    "height": 45,
    "width": 45,
    "iconPath": "/hr/fer/zemris/project/geom/dash/obstacles/block/blue.png",
    "name": "Block"
  },
  {
    "currentPosition": {
      "x": 585.0,
      "y": 450.0
    },
    "height": 45,
    "width": 45,
    "iconPath": "/hr/fer/zemris/project/geom/dash/obstacles/block/blue.png",
    "name": "Block"
  },
  {
    "currentPosition": {
      "x": 315.0,
      "y": 450.0
    },
    "height": 45,
    "width": 45,
    "iconPath": "/hr/fer/zemris/project/geom/dash/obstacles/block/blue.png",
    "name": "Block"
  },
  {
    "currentPosition": {
      "x": 630.0,
      "y": 450.0
    },
    "height": 45,
    "width": 45,
    "iconPath": "/hr/fer/zemris/project/geom/dash/obstacles/block/blue.png",
    "name": "Block"
  },
  {
    "currentPosition": {
      "x": 675.0,
      "y": 495.0
    },
    "height": 45,
    "width": 45,
    "iconPath": "/hr/fer/zemris/project/geom/dash/obstacles/block/blue.png",
    "name": "Block"
  },
  {
    "currentPosition": {
      "x": 495.0,
      "y": 450.0
    },
    "height": 45,
    "width": 45,
    "iconPath": "/hr/fer/zemris/project/geom/dash/obstacles/block/blue.png",
    "name": "Block"
  },
  {
    "currentPosition": {
      "x": 360.0,
      "y": 450.0
    },
    "height": 45,
    "width": 45,
    "iconPath": "/hr/fer/zemris/project/geom/dash/obstacles/block/blue.png",
    "name": "Block"
  },
  {
    "currentPosition": {
      "x": 405.0,
      "y": 450.0
    },
    "height": 45,
    "width": 45,
    "iconPath": "/hr/fer/zemris/project/geom/dash/obstacles/block/blue.png",
    "name": "Block"
  },
  {
    "currentPosition": {
      "x": 540.0,
      "y": 450.0
    },
    "height": 45,
    "width": 45,
    "iconPath": "/hr/fer/zemris/project/geom/dash/obstacles/block/blue.png",
    "name": "Block"
  }
]