[
  {
    "currentPosition": {
      "x": 855.0,
      "y": 315.0
    },
    "height": 45,
    "width": 45,
    "iconPath": "/hr/fer/zemris/project/geom/dash/obstacles/block/blue.png",
    "name": "Block"
  },
  {
    "currentPosition": {
      "x": 810.0,
      "y": 315.0
    },
    "height": 45,
    "width": 45,
    "iconPath": "/hr/fer/zemris/project/geom/dash/obstacles/block/blue.png",
    "name": "Block"
  },
  {
    "currentPosition": {
      "x": 270.0,
      "y": 360.0
    },
    "height": 45,
    "width": 45,
    "iconPath": "/hr/fer/zemris/project/geom/dash/obstacles/block/blue.png",
    "name": "Block"
  },
  {
    "currentPosition": {
      "x": 900.0,
      "y": 315.0
    },
    "height": 45,
    "width": 45,
    "iconPath": "/hr/fer/zemris/project/geom/dash/obstacles/block/blue.png",
    "name": "Block"
  },
  {
    "currentPosition": {
      "x": 315.0,
      "y": 360.0
    },
    "height": 45,
    "width": 45,
    "iconPath": "/hr/fer/zemris/project/geom/dash/obstacles/block/blue.png",
    "name": "Block"
  },
  {
    "currentPosition": {
      "x": 360.0,
      "y": 315.0
    },
    "height": 45,
    "width": 45,
    "iconPath": "/hr/fer/zemris/project/geom/dash/obstacles/block/blue.png",
    "name": "Block"
  },
  {
    "currentPosition": {
      "x": 450.0,
      "y": 360.0
    },
    "height": 45,
    "width": 45,
    "iconPath": "/hr/fer/zemris/project/geom/dash/obstacles/block/blue.png",
    "name": "Block"
  },
  {
    "currentPosition": {
      "x": 720.0,
      "y": 315.0
    },
    "height": 45,
    "width": 45,
    "iconPath": "/hr/fer/zemris/project/geom/dash/obstacles/block/blue.png",
    "name": "Block"
  },
  {
    "currentPosition": {
      "x": 675.0,
      "y": 315.0
    },
    "height": 45,
    "width": 45,
    "iconPath": "/hr/fer/zemris/project/geom/dash/obstacles/block/blue.png",
    "name": "Block"
  },
  {
    "currentPosition": {
      "x": 765.0,
      "y": 315.0
    },
    "height": 45,
    "width": 45,
    "iconPath": "/hr/fer/zemris/project/geom/dash/obstacles/block/blue.png",
    "name": "Block"
  }
]