[
  {
    "currentPosition": {
      "x": 1080.0,
      "y": 495.0
    },
    "height": 45,
    "width": 45,
    "iconPath": "/hr/fer/zemris/project/geom/dash/obstacles/block/blue.png",
    "name": "Block"
  },
  {
    "currentPosition": {
      "x": 1170.0,
      "y": 495.0
    },
    "height": 45,
    "width": 45,
    "iconPath": "/hr/fer/zemris/project/geom/dash/obstacles/block/blue.png",
    "name": "Block"
  },
  {
    "currentPosition": {
      "x": 1035.0,
      "y": 495.0
    },
    "height": 45,
    "width": 45,
    "iconPath": "/hr/fer/zemris/project/geom/dash/obstacles/block/blue.png",
    "name": "Block"
  },
  {
    "currentPosition": {
      "x": 945.0,
      "y": 495.0
    },
    "height": 45,
    "width": 45,
    "iconPath": "/hr/fer/zemris/project/geom/dash/obstacles/block/blue.png",
    "name": "Block"
  },
  {
    "currentPosition": {
      "x": 900.0,
      "y": 495.0
    },
    "height": 45,
    "width": 45,
    "iconPath": "/hr/fer/zemris/project/geom/dash/obstacles/block/blue.png",
    "name": "Block"
  },
  {
    "currentPosition": {
      "x": 1215.0,
      "y": 495.0
    },
    "height": 45,
    "width": 45,
    "iconPath": "/hr/fer/zemris/project/geom/dash/obstacles/block/blue.png",
    "name": "Block"
  },
  {
    "currentPosition": {
      "x": 990.0,
      "y": 495.0
    },
    "height": 45,
    "width": 45,
    "iconPath": "/hr/fer/zemris/project/geom/dash/obstacles/block/blue.png",
    "name": "Block"
  },
  {
    "currentPosition": {
      "x": 1125.0,
      "y": 495.0
    },
    "height": 45,
    "width": 45,
    "iconPath": "/hr/fer/zemris/project/geom/dash/obstacles/block/blue.png",
    "name": "Block"
  }
]