[
  {
    "currentPosition": {
      "x": 270.0,
      "y": 495.0
    },
    "height": 45,
    "width": 45,
    "iconPath": "/hr/fer/zemris/project/geom/dash/obstacles/block/blue.png",
    "name": "Block"
  },
  {
    "currentPosition": {
      "x": 720.0,
      "y": 495.0
    },
    "height": 38,
    "width": 45,
    "iconPath": "/hr/fer/zemris/project/geom/dash/obstacles/spike/blue.png",
    "name": "Spike"
  },
  {
    "currentPosition": {
      "x": 765.0,
      "y": 495.0
    },
    "height": 38,
    "width": 45,
    "iconPath": "/hr/fer/zemris/project/geom/dash/obstacles/spike/blue.png",
    "name": "Spike"
  },
  {
    "currentPosition": {
      "x": 1080.0,
      "y": 495.0
    },
    "height": 45,
    "width": 45,
    "iconPath": "/hr/fer/zemris/project/geom/dash/obstacles/grassspike/blue.png",
    "name": "GrassSpike"
  },
  {
    "currentPosition": {
      "x": 1035.0,
      "y": 495.0
    },
    "height": 45,
    "width": 45,
    "iconPath": "/hr/fer/zemris/project/geom/dash/obstacles/grassspike/blue.png",
    "name": "GrassSpike"
  },
  {
    "currentPosition": {
      "x": 360.0,
      "y": 495.0
    },
    "height": 45,
    "width": 45,
    "iconPath": "/hr/fer/zemris/project/geom/dash/obstacles/block/blue.png",
    "name": "Block"
  },
  {
    "currentPosition": {
      "x": 1305.0,
      "y": 315.0
    },
    "height": 22,
    "width": 45,
    "iconPath": "/hr/fer/zemris/project/geom/dash/obstacles/platform/blue.png",
    "name": "Platform"
  },
  {
    "currentPosition": {
      "x": 360.0,
      "y": 405.0
    },
    "height": 45,
    "width": 45,
    "iconPath": "/hr/fer/zemris/project/geom/dash/obstacles/block/blue.png",
    "name": "Block"
  },
  {
    "currentPosition": {
      "x": 360.0,
      "y": 450.0
    },
    "height": 45,
    "width": 45,
    "iconPath": "/hr/fer/zemris/project/geom/dash/obstacles/block/blue.png",
    "name": "Block"
  },
  {
    "currentPosition": {
      "x": 1125.0,
      "y": 495.0
    },
    "height": 45,
    "width": 45,
    "iconPath": "/hr/fer/zemris/project/geom/dash/obstacles/grassspike/blue.png",
    "name": "GrassSpike"
  },
  {
    "currentPosition": {
      "x": 315.0,
      "y": 450.0
    },
    "height": 45,
    "width": 45,
    "iconPath": "/hr/fer/zemris/project/geom/dash/obstacles/block/blue.png",
    "name": "Block"
  },
  {
    "currentPosition": {
      "x": 315.0,
      "y": 495.0
    },
    "height": 45,
    "width": 45,
    "iconPath": "/hr/fer/zemris/project/geom/dash/obstacles/block/blue.png",
    "name": "Block"
  },
  {
    "currentPosition": {
      "x": 1305.0,
      "y": 495.0
    },
    "height": 38,
    "width": 45,
    "iconPath": "/hr/fer/zemris/project/geom/dash/obstacles/spike/blue.png",
    "name": "Spike"
  }
]