[
  {
    "currentPosition": {
      "x": 855.0,
      "y": 225.0
    },
    "height": 45,
    "width": 45,
    "iconPath": "/hr/fer/zemris/project/geom/dash/obstacles/spike/blue.png",
    "name": "Spike"
  },
  {
    "currentPosition": {
      "x": 810.0,
      "y": 495.0
    },
    "height": 45,
    "width": 45,
    "iconPath": "/hr/fer/zemris/project/geom/dash/obstacles/spike/blue.png",
    "name": "Spike"
  },
  {
    "currentPosition": {
      "x": 900.0,
      "y": 270.0
    },
    "height": 45,
    "width": 45,
    "iconPath": "/hr/fer/zemris/project/geom/dash/obstacles/block/blue.png",
    "name": "Block"
  },
  {
    "currentPosition": {
      "x": 900.0,
      "y": 225.0
    },
    "height": 45,
    "width": 45,
    "iconPath": "/hr/fer/zemris/project/geom/dash/obstacles/spike/blue.png",
    "name": "Spike"
  },
  {
    "currentPosition": {
      "x": 855.0,
      "y": 495.0
    },
    "height": 45,
    "width": 45,
    "iconPath": "/hr/fer/zemris/project/geom/dash/obstacles/spike/blue.png",
    "name": "Spike"
  },
  {
    "currentPosition": {
      "x": 945.0,
      "y": 270.0
    },
    "height": 45,
    "width": 45,
    "iconPath": "/hr/fer/zemris/project/geom/dash/obstacles/spike/blueRight.png",
    "name": "Spike"
  },
  {
    "currentPosition": {
      "x": 765.0,
      "y": 270.0
    },
    "height": 45,
    "width": 45,
    "iconPath": "/hr/fer/zemris/project/geom/dash/obstacles/spike/blueLeft.png",
    "name": "Spike"
  },
  {
    "currentPosition": {
      "x": 900.0,
      "y": 495.0
    },
    "height": 45,
    "width": 45,
    "iconPath": "/hr/fer/zemris/project/geom/dash/obstacles/spike/blue.png",
    "name": "Spike"
  },
  {
    "currentPosition": {
      "x": 810.0,
      "y": 270.0
    },
    "height": 45,
    "width": 45,
    "iconPath": "/hr/fer/zemris/project/geom/dash/obstacles/block/blue.png",
    "name": "Block"
  },
  {
    "currentPosition": {
      "x": 855.0,
      "y": 270.0
    },
    "height": 45,
    "width": 45,
    "iconPath": "/hr/fer/zemris/project/geom/dash/obstacles/block/blue.png",
    "name": "Block"
  },
  {
    "currentPosition": {
      "x": 810.0,
      "y": 225.0
    },
    "height": 45,
    "width": 45,
    "iconPath": "/hr/fer/zemris/project/geom/dash/obstacles/spike/blue.png",
    "name": "Spike"
  }
]