[
  {
    "currentPosition": {
      "x": 495.0,
      "y": 450.0
    },
    "height": 38,
    "width": 45,
    "iconPath": "/hr/fer/zemris/project/geom/dash/obstacles/spike/blue.png",
    "name": "Spike"
  },
  {
    "currentPosition": {
      "x": 360.0,
      "y": 450.0
    },
    "height": 38,
    "width": 45,
    "iconPath": "/hr/fer/zemris/project/geom/dash/obstacles/spike/blue.png",
    "name": "Spike"
  },
  {
    "currentPosition": {
      "x": 405.0,
      "y": 450.0
    },
    "height": 38,
    "width": 45,
    "iconPath": "/hr/fer/zemris/project/geom/dash/obstacles/spike/blue.png",
    "name": "Spike"
  },
  {
    "currentPosition": {
      "x": 450.0,
      "y": 450.0
    },
    "height": 38,
    "width": 45,
    "iconPath": "/hr/fer/zemris/project/geom/dash/obstacles/spike/blue.png",
    "name": "Spike"
  }
]